{
    "Shopping": 1108.2394356,
    "Education": 1670.92,
    "Social Media": 1097.2212,
    "Coding/Development": 4329.0534691810608,
    "News": 0,
    "Entertainment": 1215.963770151138306,
    "Work/Productivity": 1116.653938055038452,
    "Gaming": 1700.39,
    "Video Streaming": 0,
    "Health & Fitness": 760.234512,
    "Unknown": 17.51768708229065
}