{
    "Shopping": 180.32827043533325,
    "Education": 178.27932620048523,
    "Social Media": 576.8316354751587,
    "Coding/Development": 673.985050201416,
    "News": 64.30207204818726,
    "Entertainment": 97114.85498142242,
    "Work/Productivity": 78319.32819032669,
    "Gaming": 16.047900199890137,
    "Video Streaming": 301.40338110923767,
    "Health & Fitness": 0,
    "Unknown": 209.83512353897095
}